Part,Time(s),X(m),Y(m),Speed(m/s)
龙头,522.4489795918367,-7.31670749892672,6.158828033972278,1.0000418405274085
第1节龙身,522.4489795918367,-4.686568846203015,8.300870655247856,1.0000421154004189
第51节龙身,522.4489795918367,-6.3831256481325385,5.555748377256553,1.0000534409015438
第101节龙身,522.4489795918367,4.047852354690385,5.99731408813516,1.0000730981508859
第151节龙身,522.4489795918367,-5.569432312881926,1.441027603907817,1.0001156307787238
第201节龙身,522.4489795918367,0.3125719454791284,-3.7067084465570876,1.000276533719904
龙尾（后）,522.4489795918367,0.5624649755717782,2.246689277563945,1.000713212729564
