Time(s),Head_x(m),Head_y(m),Body_Seg1_x(m),Body_Seg1_y(m),Body_Seg51_x(m),Body_Seg51_y(m),Body_Seg101_x(m),Body_Seg101_y(m),Body_Seg151_x(m),Body_Seg151_y(m),Body_Seg201_x(m),Body_Seg201_y(m),Tail_x(m),Tail_y(m)
-100,-3.427299628809088,6.508939844983168,-1.3131215169599089,7.154607409086738,-0.5512970152698546,7.224602561394399,0.21066319682163503,7.214026055593901,0.9642947191623263,7.123626325366184,1.7012919640180755,6.9550350444145455,3.879892040516517,5.907608310621089
-50,4.839328754204631,1.907154302711361,5.078350785464245,-0.270990210809671,4.94237110636703,-1.0137327369457603,4.699283031663027,-1.7222889323920012,4.356186615623131,-2.3814454548387984,3.9223066423582558,-2.977332553963503,2.037363559891604,-4.3392809665406915
0,-2.7118558637066594,-3.591077522761074,-2.7118558637066594,-3.591077522761074,-2.7118558637066594,-3.591077522761074,-2.7118558637066594,-3.591077522761074,-2.7118558637066594,-3.591077522761074,-2.7118558637066594,-3.591077522761074,-2.7118558637066594,-3.591077522761074
50,-4.839328754204631,-1.907154302711361,-5.078350785464245,0.270990210809671,-4.94237110636703,1.0137327369457603,-4.699283031663027,1.7222889323920012,-4.356186615623131,2.3814454548387984,-3.9223066423582558,2.977332553963503,-2.037363559891604,4.3392809665406915
100,3.427299628809088,-6.508939844983168,1.3131215169599089,-7.154607409086738,0.5512970152698546,-7.224602561394399,-0.21066319682163503,-7.214026055593901,-0.9642947191623263,-7.123626325366184,-1.7012919640180755,-6.9550350444145455,-3.879892040516517,-5.907608310621089
