Time(s),Head_x(m),Head_y(m),Body_Seg1_x(m),Body_Seg1_y(m),Body_Seg51_x(m),Body_Seg51_y(m),Body_Seg101_x(m),Body_Seg101_y(m),Body_Seg151_x(m),Body_Seg151_y(m),Body_Seg201_x(m),Body_Seg201_y(m),Tail_x(m),Tail_y(m),Head(m/s),Body_Seg1(m/s),Body_Seg51(m/s),Body_Seg101(m/s),Body_Seg151(m/s),Body_Seg201(m/s),Tail(m/s)
0,0.0,0.0,0.0,0.0,0.0,0.0,0.0,0.0,0.0,0.0,0.0,0.0,0.0,0.0,1.0,0.8,0.8,0.8,0.8,0.8,0.8
60,-2.9954789029022963,3.182090399924976,-0.9922644348689845,4.170763379744927,-0.17021614082116102,4.2529615406590535,0.6829384468169384,4.168582819365581,1.5301983267904724,3.901133897805031,2.327286814474442,3.442526161947081,3.9586673285238265,-0.4355728559666638,1.0,4.287173413628984,4.25636645519639,4.2241552580428,4.190507440384259,4.155388103717473,3.982558314799286
120,2.617867049279362,5.598567535928476,4.391727086916964,4.26615617270452,4.891439598276614,3.6480226649501235,5.328425114129301,2.9281312117895513,5.641662132286753,2.2110027123124825,5.881961081868564,1.3550953486674948,5.716895603475343,-1.6665547471013953,1.0,5.384836533415997,5.097676908601155,4.808249844477186,4.445298420587802,4.122265948177412,2.1463184952705934
180,-6.861145900866654,-3.196944860347616,-7.44822568121578,-1.0535096907813508,-7.501005602429117,-0.2603052648962631,-7.472111332638119,0.5061598258360335,-7.347088362774937,1.3549060370874526,-7.148821787279404,2.1120234023016144,-5.789499538712454,4.5979099122602545,1.0,12.980112728738186,12.994141959348907,13.027650544875645,13.01693285456665,13.052748456216358,13.101169666734112
240,-0.5275763633366862,-8.724450462061101,-2.704654053949979,-8.268578359450423,-3.4429010496040586,-7.97357318974802,-4.126732462467628,-7.626094537236781,-4.851875961681995,-7.167521929037871,-5.470811344210957,-6.6884312215369714,-7.220446975958851,-4.655417567183282,1.0,8.634737267375957,8.715659162806128,8.793470350817133,8.880195007113473,8.959002211925652,9.36331565258733
300,1.3495487499140961,-9.678413301091377,-0.8758202528960316,-9.696188616851698,-1.6622479219393063,-9.579507402088536,-2.409530656644435,-9.40638048844373,-3.1408129625640058,-9.174798497563735,-3.948427970144788,-8.841572185125425,-6.200073203870839,-7.380071320464476,1.0,2.3200655419437535,2.397863685747799,2.473499567411983,2.637592805856055,2.6369806875886876,2.9094502418901103
